1	如是我聞	這部經文的內容，乃是我（阿難）在佛面前親身聞聽的。如是，如此；像這樣。是，指此部《金剛經》的內容。佛經的開頭，往往有此四字。《涅槃經》載釋迦牟尼臨近涅槃之際，他的堂弟、十大弟子之一、被稱為「多聞第一」的阿難問道：「佛滅度之後，一切經首，初安何字？」釋迦牟尼曰：「初安『如是我聞』，次顯處所。」按照漢語的習慣，當作「我聞（我所親身聞聽的）如是（是像這樣的）」。羅什的譯文採用了倒裝的句式，頗有鄭重提醒，使人產生敬意的作用，又體現出了異域的語文風格。
2	一時	那時；佛說經之時。佛經中的時間和空間以及數字等概念往往不很確切，因為它們是宗教和哲學的抽象概念而不是具體的時空和數目。
3	佛	指釋迦牟尼，意為「大覺」、「覺悟者」。又稱「佛陀」。
4	舍衛國	古代中印度拘薩羅國首都，在今印度拉普地河南岸。梵文音譯尚有「室羅底伐」、「室羅伐」等。該國國王波斯匿是佛的弟子。釋迦牟尼自三十五歲開始說法，至八十歲涅槃，凡四十五年間，居此城和摩揭陀國的王舍城為最多。
5	祇樹給孤獨園	即「祇園精舍」或「給孤獨園」。佛在舍衛國居住和說法的場所。祇，指拘薩羅國王子祇陀。樹，指園中樹林，為祇陀所捐贈施捨，佛教又稱其為「法林」。給孤獨，指給孤獨長者。其人名須達多，常布施孤獨之人，故有此稱。他原本信奉外道，因在王舍城護彌長老家中聽佛說法，而當下皈依佛教，發願在舍衛城營造精舍，請佛前往居處。他選中王子祇陀的園林，然祇陀戲言須以黃金鋪滿園中之地為價購買。須達多依言而行，以金葉遍鋪園中八十頃土地。祇陀為之感動，捐出園林，並與須達多共建精舍。
6	大比丘眾	佛的高足弟子們組成的高僧集團。比丘，即僧侶。梵語「乞士」的音譯。意為上乞法於佛，以悟見自性與智慧；下乞衣食於世人，為眾生廣種福田。大比丘，指比丘中道行深厚者，如菩薩、阿羅漢之類。佛教中又稱能夠去惡取善者為「小比丘」；能夠善惡同去者為「大比丘」。
7	俱	同處；在一起。
8	世尊	佛的尊號之一。梵文音譯作「薄伽梵」、「婆伽婆」，意即世間所尊。佛教分世間為「器世間（國土世間）」、「有情世間」以及「聖賢世間（佛國淨土）」，又分為「欲界」、「色界」、「無色界」三界。世尊之「世」，指所有的「世間」和「三界」。
9	食時	日中之時。佛教分一日為四時：早起、日中、日西、日暮。它們分別為天人、人類、異類和鬼神的吃飯之時。故而僧侶們日中而食，過午不食，只飲茶水等物。有些佛教宗派晚上可以用餐，稱為「藥食」。
10	著衣	穿上衣服。佛教僧侶的衣服稱為「袈裟」或「法衣」。共分為「三衣」，即僧伽梨（大衣、祖衣、上品衣），於進出都市王宮、向大眾說法時穿著；鬱多羅僧（上衣、七衣、中品衣），於禮誦聽經時穿著；安陀會（內衣、五衣、下品衣），於作業安寢時穿著。印度天氣炎熱，佛在平常之時，便服袒露，至日中乞食之際，便穿上袈裟。乞食歸來，又將衣服脫下收起。
11	鉢	佛教僧侶乞食的器皿。梵文音譯作「鉢和羅」等。意為「應量器」、「應器」。僧人藉此鉢接受人們的供食並以此作為進食的標準。
12	次第乞已	挨家挨戶地乞討飯食之後。次第，按順序進行。佛教僧侶乞食之時，必須體現平等的精神，故而次第乞食，不越貧從富，不捨賤從貴。
13	飯食訖	吃完了飯。訖，完畢。
14	洗足已	洗完了腳。古印度人不穿鞋襪，赤足而行。故佛外出乞食回來，須清洗腳足。
15	敷座而坐	鋪設座位坐下。敷，排列；布設。坐，打坐。
16	長老	年高德尊的僧人。
17	須菩提	拘薩羅國舍衛城的婆羅門，佛的十大弟子之一。因能悟解空理，物我俱忘，不起煩惱，故稱「解空第一」或「空生尊者」，亦有譯本作「善現」。
18	偏袒右肩	古印度表示敬意的禮儀。
19	右膝著地	單跪右腿，中國稱「胡跪」。佛教僧侶所行的莊重禮節。著，觸。
20	合掌	佛教中表示恭敬虔誠的禮節，行時雙手手心相向，十指兩兩相合，置於胸前，又稱「合十」。
21	如來	佛的尊號之一。梵語音譯作「多陀阿伽陀」。意為乘如實之道而來以成正覺。《金剛經》中，佛自言：「無所從來，亦無所去，故名如來。」
22	善護念	指佛善巧攝受眾生。即佛善於教化眾生，護衛眷念眾生。
23	菩薩	指覺悟的眾生。梵語音譯又作「菩提薩埵」。意即「大覺有情」或「覺有情」。「菩提」意為「覺悟」，「薩埵」意為「有情」。前者指得道覺悟者，後者指眾生。菩薩以佛為追求的目標，以眾生的度脫為自我度脫的先決條件。相對於追求自我解脫的小乘佛教而言，菩薩雖然已經覺悟，卻不斷絕度脫一切眾生的大悲心。菩薩與佛往往是互為因果的，《楞嚴經》卷六云：「自未得度，先度人者，菩薩發心。自覺已圓，能覺他者，如來應世。」菩薩又有「居家」和「出家」兩種。菩薩身有「生死肉身（未證法性，仍有惑業，受三界生死分段之身）」和「法性生身（得無生忍法，斷諸煩惱，離捨三界之身）」兩種。有時，菩薩也用為一切僧人和佛教信徒的稱呼。
24	付囑	委付囑託；開導度化。
25	善男子善女人	佛教對出家或居家的男女信徒的稱呼。
26	發阿耨多羅三藐三菩提心	發起追求無上正等正覺的心願。阿，梵語意為「無」。耨多羅，梵語意為「上」。三，梵語意為「正」。藐，梵語意為「等」。菩提，梵語意為「覺」。又有譯本作「無上正遍覺」、「無上聖智」等。
27	應云何住	即「應何住」之意。亦有刊本作「云何應住」。指發起了追求無上菩提的心願，修習菩薩乘的善男子、善女人，應當在什麼地方安身立命，找到自己的存在方式。住，停留；存在；立身。
28	降伏其心	制伏煩惱妄想之心。
29	善哉	梵語音譯作「裟度」。佛教中的讚歎之辭。
30	諦聽	認真聽取；仔細聆聽。諦，細致；仔細。
31	應如是住	應當像這樣安身立命。
32	唯然	是；好的。對師長囑託的領受之辭。羅什譯本可能依據了中國儒家經典《禮記‧曲禮》中的說法：「父召無諾（應答之辭），先生召無諾，唯而起。」
33	願樂欲聞	很喜歡並且渴求聽取。願，希望。樂，喜愛；喜歡。欲，想要。
34	摩訶薩	「摩訶薩埵」的簡稱，又有譯本作「大有情」。即大菩薩。摩訶，梵語意為「大」。
35	一切眾生	一切有生命的東西，包含善惡凡聖。又有譯本作「有情」。
36	卵生	由卵孵化而出的生命形式，如禽類。
37	胎生	由母胎孕育而出的生命形式，如哺乳類。
38	濕生	由水及濕氣培育出生的生命形式，如魚類。
39	化生	由許多因素憑藉業力凝結、變化而自然出生的生命形式，如蝶蛹、蟬蛻及果實中的蛀蟲等。卵生、胎生、濕生、化生是佛教對眾生出生形態的劃分。
40	有色	指欲界與色界之中有色法（即有形象的、物質的）的眾生。如欲界的一切生命形式和色界的諸天。
41	無色	指無色界之中無色法（非物質的）的眾生。有色、無色是佛教對一切眾生有無物質顯現的劃分。
42	有想	無色界中有想天的眾生。想，心識。
43	無想	無色界中無想天的眾生。
44	非有想非無想	無色界中非有想非無想天的眾生。有想、無想、非有想非無想是佛教對眾生有無或非有非無心識的劃分。佛教的宇宙構成論用一種立體的層次結構劃分世界，將世界劃分為佛國世界與世俗世界，又將世俗世界劃分為欲界、色界和無色界，即所謂的「三界」。欲界是一切由各種欲望支配的生命形式的居所，由低到高分為：地獄（佛教中的地獄很多，如「孤獨地獄」、「八寒地獄」、「八熱地獄」、「近邊地獄」等等。地獄在地下深處，亦在山澤曠野或世界的邊緣）；鬼（在世間的山野墳地等處）；畜牲（在地面及水中）；阿修羅（在世界的中心須彌山及四周的輪圍山）；人（在世界的「四大部洲」中的南贍部洲地面上）；天（亦稱「天人」、「天眾」、「天部」、「諸天」。這個天不是空間概念，而是指高於人的居於上界的生命形式。其中欲界有六天，色界有四禪十七天，無色界有四天。欲界六天又稱「六欲天」，他們皆不能脫離食欲和色欲）。卵生、胎生、濕生、化生四種生命形式均屬欲界眾生。色界則在「六欲天」之上，有色眾生居處於其中，他們斷絕了粗俗的欲望，但仍不能擺脫物質的形式。色界的四禪十七天，包括了初禪三天、二禪三天、三禪三天、四禪八天。無色界則是脫離了物質形式的世界，其中的生命形式既無形體又無欲望。無色界在色界之上，又分為：空無邊（無色）天；識無邊（有想）天；無所有（無想）天；非想非非想（非有想非無想）天。前三天為無色眾生、有想眾生和無想眾生的居所，他們沒有了物質形式，但尚有心識或無心識。非想非非想天則是非有想非無想眾生的居所，他們寂靜不動，一切皆空，談不上有心識或無心識，也就是說，他們能夠超越心識。
45	無餘涅槃	佛教兩種涅槃之一，相對於「有餘涅槃」而言，又稱為「大涅槃」，即徹底的涅槃。有餘涅槃指生死煩惱之因已經斷滅，但仍餘留了前世惑業造成的苦果（肉身）。無餘涅槃則指斷滅生死的因和果而無所餘留。佛教中往往以爐中有灰比喻有餘涅槃，而以爐中灰飛煙滅比喻無餘涅槃。大乘佛教和小乘佛教中，都有有餘涅槃和無餘涅槃的分別，但一般說來，將有餘涅槃歸之於求證阿羅漢果的小乘，將無餘涅槃歸之於追求佛果的大乘。《楞嚴經》卷四：「願如來不捨大悲，示我在會諸蒙喑者，捐舍小乘，畢獲如來無餘涅槃。」涅槃，梵語音譯又作「泥」、「泥洹」等。意為超脫輪迴，出離死生之地。又有譯本作「無為」、「滅度」、「寂滅」、「解脫」和「圓寂」。《大乘義章》一八：「滅煩惱故、滅生死故，名之為滅。離眾生故、大寂靜故，名之為滅。」《華嚴大疏鈔》五二：「義充法界，德備塵沙曰圓；體窮真性，妙絕相累為寂。」
46	滅度之	使一切眾生滅生死煩惱，度脫生死此岸，達到涅槃。滅，除滅。度，化度。之，指一切眾生。
47	實無眾生得滅度者	這句話的回答，即下文中的「若菩薩有我相、人相、眾生相、壽者相，即非菩薩」。釋迦牟尼的回答，是從修習菩薩乘的主體角度出發的，即佛和菩薩滅度眾生是絕對無條件的，不計較回報的，所以滅度了一切眾生而不覺得有一個眾生為自己所度。此外，大乘佛教認為，一切眾生本來是佛，皆因業緣而呈現出眾生相（善業為招致樂果的因緣，惡業為招致苦果的因緣。《維摩詰經‧方便品》：「是身如影，從業緣生。」又《菩薩處胎經》七曰：「善惡之報，如影隨形。」），故而佛只不過使一切眾生開悟，滅度其心中的愚癡、妄見、煩惱，使其明見自性（即本來就具備的佛性），涅槃成佛。禪宗六祖慧能對大眾說法時曰：「善知識！『眾生無邊誓願度』，不是慧能度，善知識！心中眾生，各於自身自性自度。」（《壇經》第二十一節）從這一角度看，「實無眾生得滅度」的思想，一則體現了大乘佛教提倡的人人皆有佛性的平等人性論；二則體現了大乘佛教不依靠外力，「自性自度」，「是名真度」（《壇經》第二十一節）的人本主義精神。
48	我相	自我的觀念。「四相」之一。相，相狀；觀念。又有譯本作「想」，指思想和認識。佛教認為這是沒有實在的自性而被世人所執著的觀念，因此也可以將「相」理解為妄想和愚見。佛教為了破除「我執（對實我的執著）」的妄想，建立「無我」之說，因而用「五蘊」的學說分析人生的現象，認為：人和萬事萬物皆由色（物質現象）、受（感受）、想（觀念活動）、行（心理和意志活動）、識（對所感覺的對象的覺了與分別作用）這「五蘊（聚合）」暫時和合而成，構成了人我有別的現象。大乘佛教不僅否定人我（五蘊的和合體）的真實性，而且否定了五蘊本身的真實性，從而徹底破除了對實我的執著。按照五蘊和合的法則，如果認為在一切現象之中有自我和主宰存在，就是「我相」；相對於「我相」，如果認為在一切現象之中有相對於自我和主宰的他人和對象存在，就是「人相」；如果認為在一切現象之中有相對於自我、他人、主宰、對象的一切人或非人存在，認為「我」依五蘊而有而生，就是「眾生相」；如果認為在一切現象中有「我」的一期壽命存在，就是「壽者相」。從通俗說法的角度，佛教又將「四相」歸結為貪、嗔、癡、愛四惡業。貪就是為自我打算，屬於「我相」；嗔就是分別你我，屬於「人相」；癡就是傲慢不遜，屬於「眾生相」；愛就是希圖長壽，屬於「壽者相」。
49	人相	他人的觀念。「四相」之一。詳見。
50	眾生相	一切眾生的觀念。「四相」之一。詳見。
51	壽者相	壽命的觀念。「四相」之一。詳見。
52	復次	其次；再說；另一方面。
53	於法應無所住	對於一切有為法應當無所執著。法，在佛教中的涵義甚多，這裡指一切有為法，即一切存在的現象，包括了物質和精神的現象。佛教認為：一切有為法都是暫時的假相，稱之為「一切空有之法」。《金剛經》：「一切有為法，如夢幻泡影。」因此不應當滯留於其中。住，執著。
54	布施	梵語音譯作「檀那」，意為以福利施於他人。一般分為財施（以財物接濟別人）、法施（以說法度脫別人）、無畏施（以無畏施於別人，拯救別人於苦難之中，使無怖畏）。布，普遍。施，散給。
55	不住色布施	不執著於色法而布施。色，色法；物質現象。色法有質礙和示現兩義，因為物質現象有形質外現而互為障礙。色又分為內色和外色，內色為眼、耳、鼻、舌、身五根，外色為色、聲、香、味、觸五境。不住色布施即不抱持世俗之中物質、利害等觀念而進行布施。這一句話當與下句「不住聲、香、味、觸、法布施」聯繫起來看。這裡的「色」既是對色、聲、香、味、觸、法六種因素的概括，本身又包含了其中「色」的因素，所以「不住色布施」單獨為一句話，而下句中略去了「色」這一因素。
56	不住聲句	佛教的認識論認為：認識的主體為「六根」，又稱為「內六處」，即眼、耳、鼻、舌、身、意。它們感受的對象分別為色、聲、香、味、觸、法，稱為「六境」或「外六處」。內外相合為「十二處」。「六根」在感受到「六境」之後，產生了眼識、耳識、鼻識、舌識、身識、意識六種認識，稱為「六識」。「六識」與「十二處」合稱「十八界」。「六境」之中，色為形色，聲為音聲，香為氣味，味為味道，觸為質地、冷暖、乾濕、輕重、飢渴等身體感受，法為意識的認識境界。法的範圍較為廣泛，包含了前五境之外的一切事物和對象。從布施的目的來看，佛教認為世俗中的布施，是一種消費的概念，即追求果報和計較功利，是為了進一步滿足對色、聲、香、味、觸、法的欲求。這些布施，至多可稱為「功德」；而佛教，特別是大乘佛教的布施，其目的是追求無上勝智，稱為「福德」或「慧業」，因而擺脫了色法。從布施行為本身來看，「不住色布施」使得布施擺脫了「空相（假相）」而依據了「法界」和「實相」（本體）。本體是一個思辨的概念，它是一切的根據，既不可以用「無」來概括它，又不可以用「有」來概括它。所以，基於「實相」的布施行為，既是無所布施，又是無所不布施。基於「法界」之中的布施，既不執著於「有」來布施，又不執著於「無」來布施，因此是平等的布施，是脫離了給予和施捨意義的布施。
57	不住於相	不執著於色相而布施。相，外物的相狀及內心的觀念與形象。這一句與「不住色布施」義近，但側重闡明布施的過程及方式。佛教認為：不住相布施又叫做「三輪體空」。所謂「三輪」，指施者、受者、施捨之物。三輪體空，即指布施之時，沒有布施之心，不分別受施之人，不見布施之物。
58	福德	指超過了天人大福報的無限福德。天人大福報為住相布施的回報極限，期數一盡，仍入輪迴。後者為不住相布施的結果，能離生死苦，受大快樂，歷千劫而不壞。福德與智慧，在佛教中被看成菩薩身上具備的兩種莊嚴（修養和風度）。有時福德也泛指一切善行的福報。
59	思量	用思維來量度。佛教認為在「六識」之外，還有第七識「末那識」和第八識「阿賴耶識」，思量屬於「末那識」。
60	於意云何	在你的想法中如何看待？你認為怎麼樣？
61	虛空	佛教中又稱為「無」。虛，無形質。空，無障礙。虛空是佛教六大無為法之一。相對於物質現象的「空」，虛空是非物質的現象，也就是說，「空」就是色，「虛空」則不是色。
62	四維	指東北、東南、西南、西北四個方位。與東、南、西、北、上、下合稱為「十方」。
63	但應如所教住	只應當按照所教誨的那樣住留。住，指無所住而住（不住於色，不住於相，安住於法界實相）。
64	身相	身體的相狀。指佛的相貌。佛教認為，佛有三十二相，皆為神奇妙好之相。又認為佛有生相（出生時的祥瑞之相）、住相（在人世度化眾生之相）、滅相（圓寂之相）。總之，這些都是佛的外在表現，又稱「色身」。
65	見	看。這裡有「理解」、「認識」、「把握」之意。佛教術語中的「見」，梵語音譯為「捺喇捨囊」，意為思慮推求，詳審抉擇。《俱舍論》二三：「審慮名先，決擇名見。」
66	何以故	因為什麼緣故？這是須菩提的自問之辭。
67	虛妄	不真實。虛，不實。妄，不真。
68	非相	即如來和宇宙的真相、法相、法身和本體。「非相」在字面上相對於「相」而言，意即「無相」或「不是相」，但在理解上卻不能囿於字面，因為實際上並不存在相對於「相」的「無相」和「不是相」。因為儘管在語言的符號體系中，「相」與「非相」是一對相反的概念，但從思辨的角度來看，「非相」是對「相」的否定。一切事物的相狀和有關事物的心理反映，包括如來的身相和色身，都是可以用某種認識形式界定的，如語言、概念、想像等，因而它們就是被歪曲的、不完全和不真實的。而任何存在本身、任何存在的全部，是無法用任何認識形式來把握的，因此它們是真實的，佛教稱之為法相、法身、實相等。對它們的把握只能是體證與契合，無法言說。或者可以說，對它們的把握只能是對任何認識形式的否定。事實上，佛教用「非相」、「法相」等概念也是暫時的方便手法，在理論上，佛教對它們同樣持徹底否定的態度。在語言概念上，佛教既不持「有」，也不持「無」；既不持「色」，也不持「空」，以此雙遣之法，打破世俗的認識習慣。
69	生實信	產生堅實的信仰。《華嚴經》六：「信為道源功德母，增長一切諸善法。」因此，佛教認為，實信是實諦（佛法、真理）的階梯。
70	如來滅後	釋迦牟尼滅度涅槃之後。
71	後五百歲	釋迦牟尼滅度之後五百年。佛教認為：佛法的傳遞當經歷正法、像法、末法三個時期。這三個時期相距佛說法的時代越來越遠，故而佛法在這三個時期中漸趨衰微。正法時期指佛在世時以正法開導眾生，直到佛滅後五百年。像法時期指佛滅後五百年後，即「如來滅後後五百歲」，由於眾生的根器轉鈍，深執諸法，因此必須依靠佛像、經典等符號工具來追求解脫。這便是大乘佛教運動崛起和流行之時。這個時期長達千年。末法時期則指佛教衰微的時代，長達一萬年。
72	一佛二佛三四五佛	佛教的時間觀念認為：宇宙由無邊無量的三千大千世界組成，其中的每一個三千大千世界都無始無終地持續消長著。每一個消長周期中，分為「成」、「住」、「壞」、「空」四「劫」。所謂「劫」，梵語音譯為「劫波音」，意為大時、分別時節。按《大智度論》中的計算方法：一個「減劫」（從人壽的八萬四千歲開始，每一百年減一歲，減至人壽的十歲）加上一個「增劫」（從人壽的十歲開始，每一百年增加一歲，增至人壽的八萬四千歲）等於一個「小劫」，計約一千六百萬年。二十個小劫等於一個「中劫」，約三十二億年。「成」、「住」、「壞」、「空」四劫分別相當於一個中劫。總計四個中劫為一「大劫」，約一百二十八億年。又按《俱舍論》中的計算方法：一個增劫和一個減劫分別等於一個小劫，二者相加等於一個中劫。「成」、「住」、「壞」、「空」四劫分別等於二十個中劫，總計為八十個中劫，相當於一個大劫。佛教的空間觀念認為：在下至欲界上至色界的廣大空間中，只要有一個太陽和一個月亮普照的範圍，就構成了一個世界。一千個世界為一個小千世界，一千個小千世界為一個中千世界，一千個中千世界為一個大千世界。由於一個大千世界中，包含了小千、中千、大千三種世界，故而稱之為「三千大千世界」。無邊無量的三千大千世界，構成了宇宙。在這樣的時空觀的基礎上，佛教認為：在每一劫中，都應當有一個佛出世，來滅度眾生；而每三個三千大千世界，便構成一個佛滅度眾生的範圍，稱為「一佛世界」、「一佛土」和「一佛國土」。由於時空是無限的，因而佛的出現和佛土的範圍也是無窮無盡的，釋迦牟尼所教化和主持的世界，只是其中的一個，稱為「娑婆世界」。所以，在任何時代、任何地方，只要出現覺悟圓寂、滅度眾生的聖賢，都可稱之為「佛」。大乘佛教宣稱「三世（過去、現在、未來）十方（東南西北四維上下）」，到處是佛，其不可勝數，如印度恒河中的沙粒。因此，所謂「一佛、二佛、三、四、五佛」和下文所言「無量千萬佛所（處所）」，在意義上完全相同，都是在強調佛法的超越性和永恒性。在不同的時空中成就的佛、得到的般若大智慧是一樣的；佛親口所說的佛法和後人所依據的文字記錄的佛法是一樣的，因為佛法的本體不隨時空流轉。從這個意義上看，一佛等於無量千萬佛；在如來滅後千萬劫中持戒修福，與在如來未滅之時，以及如來滅後五百歲之時持戒修福無有差別。這也是大乘佛教發願修習菩薩乘的信仰根據，簡要說，就是自信。
73	善根	修習清淨善業（諸惡莫作，眾善奉行）的基礎。佛教認為：身、口、意三業（即行為、語言、思想活動之中），有善的因素，牢不可拔。這些善因能夠產生妙果，進而又成為產生其他妙果的善因。由於善因具有牢固不移而又能生衍的特徵，故稱之為「善根」。
74	一念	極為短促的時刻。
75	淨信	沒有妄念的清淨信心。
76	無法相	即不執著於實相、法身、非相等代表著本體的概念。
77	無非法相	是對概念意義上的法相的否定（即非法相或無法相）之否定（即無非法相）。前面的經文中說「諸相非相」，是拿「非相」或「法相」來否定一切相狀，而這裡的「非法相」或「無法相」，則進一步否定了概念意義上的「非相」和「法相」，因為它們也是有局限性的概念，而不是真實的存在。由此邏輯推衍，「非法相」，也是一個概念，因而也屬於否定的對象，不可執著，必須進一步地「無非法相」。說到底，這是對否定本身的否定。佛教認為：宇宙萬物的本體，是全部而真實的存在，它無是無非、無善無惡、非色非空，因而沒有用語言和概念對它加以肯定、否定乃至界定的必要，也無法用語言和概念這些暫時而殘缺的東西來界限本體。佛教用這種否定來、否定去的負性的哲學表達方式，讓人們對一切認識方式產生思辨的看法，讓人們認識到一切執著的對象和根源，都是語言、概念、觀念等等不真實的東西。所以，「非相」、「無法相」、「無非法相」是無窮而循環的字面上的否定，其目的在於否定「住」。「無法相」表明所謂的實相並不存在，於是排遣了執著於「有」的妄念；「無非法相」表明了所謂的實相又並非不存在，於是排遣了執著於「無」的妄念。有無俱遣，語默雙亡，執著的對象消失了，因而執著本身也隨之消失了，認識於是不住於任何一端。《壇經》第十七節論「無相」，即「於一切法上無住」，「於相而離相」。
78	若心取相	如果心中對相狀有所執著。
79	以是義故	因為這個道理的緣故。
80	筏喻	船筏的譬喻。筏，竹排或木排，渡水的工具。佛將自己用語言表達出來的佛法，比作船筏。認為眾生沒有開悟之時，有如未渡之際，故而為之說法，如提供船筏。既渡之後，了悟真性，則當捨筏登岸，無須佛法。而不能把船筏當作彼岸，把佛法當作涅槃。大乘佛教對自身的宗教形式也持否定的態度，稱之為「方便」。
81	得	得到；證得。佛教對於「得」，持辯證的看法，認為一味地追求得與不得，都是對妄念的執著。因此，「得」既有「得到」的字面上的意義，又有「執著」的涵義。《法華經‧信解品》：「若未悟時，似無所得；若悟了時，似有所得。得與不得，皆是妄見，但不可執著。」
82	如我解佛所說義	按照我理解的佛所闡述的道理。
83	取	執取；取著。指取著所對的境界。在佛教思想中，「取」是「愛」的異稱，是「煩惱」的總稱，有「貪著」、「執著」、「妄惑」等義。
84	說	用語言來表達。佛法本不存在，佛說的教法僅僅是一種方便手段。如果認為把握了佛法就得到了解脫，這便是「取」；如果認為佛法就是釋迦牟尼所說的那些「言說章句」，這便是認為佛法「可說」。
85	非法非非法	法，佛法。非法、非非法的否定邏輯，是將佛的教法放在一個用語言概念無法界定的位置上，超越了有無的界限，使人們使用語言的思維方式失去了對象，斬斷了「可取」、「可說」的妄念。非法，指佛法的「體」，即佛法就是人的自性和萬物的本體，它的虛空無為性就是它的圓滿無礙性，即不實有，但又不礙一切現象的顯現，並能為智慧觀照。這一點無法用語言表達，如果為了說法的方便而借用一個概念的話，就只能說它是「非法」。非非法，指佛法的「用」。正因為佛法是無相的、非「有」的，因而它最具有無礙性，能夠最完滿地顯現、造就萬物，或者說，使萬物自得自足。由於佛法有此廣大妙用，所以，既要認為佛法不是什麼實有的法（非法），又不能認為佛法不是什麼法（非非法）。佛法的這種體用關係，正如《老子》第四十五章所言：「大盈（圓滿）若沖（虛空），其用不窮。」
86	一切賢聖	佛教中指一切證得不同果位的凡夫、菩薩。賢聖的等級，大小乘各宗派的說法不一，一般說來，大乘佛教認為有「三賢十聖」。證得十住、十行、十回三果位為三賢，證得初地至十地的菩薩位為十聖。《仁王經》第三品：「三賢十聖住果報，唯佛一人居淨土。」「三賢十聖忍中行，唯佛一人能盡源。」
87	無為法	脫離因緣造作之法，相對於「有為法」而言。佛教用「法」的概念分析宇宙的構成因素。「法」的梵文音譯為「達磨」或「達摩」，意為「軌持」。軌，即軌生物解，意為可以使人產生認識的軌範。持，即任持自性，意為任載攝持自身的特性或者質的規定性。佛教認為，宇宙萬物，無論有形無形，是物質現象還是精神現象，都具有自身的特性，恒常不變，形成軌範，可讓人理解。宇宙由萬法構成，佛教各宗派劃分法的方法互有差別，但皆分為「有為法」和「無為法」兩大類。「有為法」包括「色法」，即物質。「心法」，即精神活動的主體。「心所有法」，即相應於心法而產生的心理作用。「心不相應行法」，即不與色、心、心所有相應，但又不離三者，藉三者之差別而產生的有生滅變化的現象。這四種有為法皆有造作，依據因緣而產生。所謂「無為法」則是無造作，不由因緣和合而成的無生滅、無所作為、永恒不變的絕對存在。佛教根據修持境界的不同，將「無為法」分為：虛空無為，即非物質的真空寂滅。擇滅無為，即憑藉智慧的選擇能力斷滅煩惱，擺脫輪迴，達到涅槃。非擇滅無為，即不憑藉智慧的選擇能力，而是因為真如本性中，本來就缺乏一切造作和因緣的產生根源，所以達到了寂滅的境界。不動無為，即禪定之後進入了第四禪天，離開了苦樂之後而達到的境界。想受滅無為，即禪定後進入了無色界，斷滅了苦樂和六識心想之後而達到的境界。真如無為，即真實如常，這是絕對、真理、本體、佛性的境界。前五種無為法都是「真如無為」的不同顯現和達到「真如無為」的階梯。
88	差別	賢聖的根器和他們證得的果位，皆依照他們對無為法的體證程度而劃分出高低不同的境界。佛教認為：所謂根有利鈍，學有淺深，皆由於主體的境界不同而有差別，並非無為法有等差，如三獸渡河，足分深淺而水無深淺；三鳥飛空，跡有遠近而空無遠近。是法性的平等，顯現出賢聖的差別。
89	三千大千世界	見頁三三。
90	七寶	諸多佛經說法不一，大致為：金、銀、琉璃、硨磲、瑪瑙、珊瑚、琥珀。
91	是福德即非福德性	這種福德，本來不是福德的本性。佛教認為，任何住相布施，都是有限的，因為這種布施的對象和布施的物質無論多少，總是可以計算的。住相布施的過程，也是計算福報的交換過程，因此它是有限的。福德的本性，指不住相布施而得到的覺悟和解脫。
92	受持	信仰奉行。受，直下（憑藉信仰的力量而當下）承受教法。持，時時（憑藉憶念之力而時時刻刻）行持。
93	四句偈	佛經中的語言形式。偈，梵文意為「頌」。有別偈和通偈之分。別偈以四句話為一偈，每句可以有四字、五字、六字或七字。通偈又名「首盧偈」，不論每句字數，滿三十二字輒定為一偈。「偈」與「四句偈」也是一切佛經的泛稱，本經中的「四句偈」，正是此義。
94	須陁洹	又稱「須陁般那」、「窣路多阿半那」等。意為「入流」、「至流」、「預流」等，表示初入聖道。又譯作「逆流」，意為斷滅三界的見惑，逆生死之輪迴。須陁洹是佛教聲聞乘四果中的初果。佛教分大、小二乘，《法華經‧譬喻品》：「求一切智……愍念安樂無量眾生，利益天人，度脫一切，是名大乘。」而小乘則指追求灰身滅智，空寂涅槃的教法。小乘教法中又分聲聞、緣覺二乘。聲聞乘指佛弟子聞聽佛的聲教，悟苦、集、滅、道四諦，斷見思之惑，入於涅槃。這是佛教中的最下根。緣覺乘在聲聞乘之上，又稱為中乘、獨覺，指在沒有佛和佛教的時代或地域，觀十二因緣（無明、行、識、名色、六處、觸、受、愛、取、有、生、老死）而獨悟真空之理。大、小乘中，都依照修行的功德而證得不同的境界，稱為「位」、「果位」、「果」。大乘追求的最高果位是「佛」；小乘中，緣覺乘追求的最高果位是「辟支佛」或「獨覺佛」，聲聞乘追求的最高果位是「阿羅漢」。在聲聞乘之中，果位又分為四等，即須陁洹、斯陁含、阿那含、阿羅漢，總稱為「四羅漢」。證得四羅漢果的人，在一切凡人之中為第一等。
95	無所入	指須陁洹已初入聖流，不入六境；已入法性，不入欲界。在此意義上，須陁洹雖已入流，但卻無流可入。
96	斯陁含	意譯為「一來」，聲聞乘四果中的第二果。斯陁含果已證悟四諦，斷滅欲界九地（品）修惑中的前六地，尚餘後三地。所謂九地修惑，指修道過程中出現的九等煩惱和愚惑。由於斯陁含尚未斷滅後三地修惑，所以他必須轉生到欲界中的人間或欲界六天一次，故稱「一來」，即「一度往來」。
97	實無往來	已證得一往天上，一來人間之果，心中即已不見往來和生滅的相狀，實際上無所往來。
98	阿那含	意譯為「不來」、「不還」。聲聞乘四果中的第三果。指已斷滅了欲界九地修惑中的後三地殘餘，不再轉生欲界，而進入了色界和無色界。
99	實無來	他本亦作「實無不來」。既證阿那含果，斷滅欲界思惑，不再執著於來與不來的相狀。在這個意義上，可以說實際上已經無所來，也無所不來。
100	阿羅漢	意譯為「殺賊」、「應供」、「不生」。聲聞乘四果中的第四果。斷滅了一切修惑，故謂之「殺賊」；證得極高果位，應受人、天供養，故謂之「應供」；一世之果報盡，永入涅槃，不再來生三界，擺脫了生死輪迴，故謂之「不生」。按照小乘的修行境界，又可分為見道、修道、無學道三個境界。相對於聲聞乘的四果來說，須陁洹達到了見道的境界，即斷滅了見惑；斯陁含和阿那含處在修道的境界，尚須斷滅九地修惑；阿羅漢則達到了無學道的境界，斷滅了三界一切愚惑，盡證真諦，不須學修，智慧圓滿，故又稱「無學果」。
101	實無有法二句	實際上並沒有一個修證之法和果位，叫做阿羅漢的。這是讓人們不要執著於聲聞乘四個果位的等級和修證過程，因為從初果須陁洹到四果阿羅漢，只是主體的境界差別，而所要證得的般若大智慧卻是平等、無等差、不可分割的，四個果位的修證途徑，都是為了證得這個境界，甚至用其他的方法也可證得。《法華經‧化城喻品》：「於諸法不受，亦得阿羅漢。」因此沒有具體的定法。此句意義可與上文「一切賢聖，皆以無為法，而有差別」相參。
102	無諍	安住於「空」而與外物、他人無爭無辯的禪定境界。即不住於一切，彼我俱忘，不起煩惱，也不使眾生起煩惱。諍，爭執；煩惱。
103	三昧	又譯為「三摩提」、「三摩帝」，意為「定」、「正定」。指排除一切雜念，使心神平靜。《大智度論》五：「善心一處不動，是名三昧。」
104	離欲	離開欲求煩惱。欲，愛求貪著。《唯識論》五：「云何為欲，於所樂境希望為性，勤依為業。」《釋氏要覽》下引《增一經》曰：「欲生諸煩惱，欲為生苦本。」
105	樂	喜歡；樂於。
106	阿蘭那行	阿蘭那的修行。阿蘭那，又譯作「阿蘭若」、「阿練若」、「阿爛拏」等，意為「叢林」、「無諍聲處」、「閑寂處」、「遠離處」。阿蘭那也是比丘修習的場所和寺院的總稱，指清靜的場所。行，修行。阿蘭那行指住在叢林之中的清淨修行，是佛教十二頭陀（僧人）行中的第七行。
107	然燈佛	梵文音譯「提洹竭」、「提和竭羅」，又稱「錠光佛」、「古佛」。然燈佛與釋迦牟尼佛、彌勒佛分別為過去、現在、未來三世之佛。《大智度論》九中記載燃（然）燈佛出生之際，身邊光亮如燈，故取名為「燃燈太子」，成佛後即名「燃燈佛」。佛教傳說，釋迦牟尼在過去的第二阿僧祇（無數）劫的劫數快滿盡之時，遭逢燃燈佛出世。釋迦牟尼供養此佛，並接受了此佛授予的、在九十一劫之後的未來（即釋迦牟尼說法的現在之世）成佛的印記（即「記」、「記別」、「授記」。佛記弟子成佛的事跡，分別弟子成佛的劫數、國土、佛名、壽命等，並將「記別」授予弟子，稱為「授記」）。
108	菩薩莊嚴佛土	指菩薩以其智慧與福德裝點佛國淨土。莊嚴，以善美裝飾國土，或以功德裝飾依身（佛教認為身體是有情以及眼耳等感官的依據之所，故稱「依身」）。《大集經》一中羅列了菩薩的四種莊嚴：戒瓔珞莊嚴，即菩薩持禁戒以離諸惡；三昧瓔珞莊嚴，即菩薩持禪定以離諸邪覺；智慧瓔珞莊嚴，即菩薩覺知聖諦以離諸顛倒；陀羅尼瓔珞莊嚴，即菩薩持善使之不失，持惡使之不生。《涅槃經》二七中羅列了菩薩的兩種莊嚴，即智慧莊嚴和福德莊嚴。佛土，即佛國。大乘佛教認為「三世十方」到處是佛。因此，佛所教化和居住的佛國，如同恒河沙一樣難以計數。佛國又稱「淨土」、「淨剎」、「淨國」、「淨界」，這是相對於世俗「欲界」和「穢土」而言的。佛經中對佛土的分類繁多，比較有影響的有：彌陀淨土，即西方極樂世界。中國淨土宗等宗派宣揚此說，認為它是在彼岸的沒有痛苦的極樂世界。華藏世界，又稱蓮華藏世界。中國華嚴宗等派宣揚此說，認為宇宙一切現象皆是佛體的顯現，一切音聲皆是佛法獅子吼（佛發出的震動世界的教化之聲）。此佛土的教主為毗盧遮那佛，佛土中有無數香水海，每一個香水海中各有一朵大蓮華，每一朵大蓮華中包藏了無數世界。由於眾生明心見性即可成佛，所以有些宗派認為佛土即是佛的妙性，也就是眾生的自性，所以並不存在獨立於世間之外的佛國淨土。《維摩詰經‧佛國品》：「若菩薩欲得淨土，當淨其心。隨其心淨，則佛土淨。」中國的禪宗則主張穢土即淨土，主張「佛法在世間，不離世間覺」。因此，佛國淨土的觀念，既是大乘佛教中宗教色彩特別濃厚的因素，又是思辨色彩特別濃厚的因素。在此意義上，「菩薩莊嚴佛土」實際上是無所莊嚴而莊嚴。
109	莊嚴佛土者三句	此三句的句式，佛教中稱為「三句論法」，不同的宗派，都依照自身的思維邏輯來理解「三句論法」的內在邏輯。比如天台宗的思維邏輯是「一心三觀」和「三諦圓融」。認為一心之中，可以同時觀照事物所具有的空無的一面、假有的一面以及綜合二者的非空非假的中道。也就是說，空、假、中構成了一切事物的真實相狀，這「三諦」同時存在於一心（或一念）之中，不分先後，雖三而一，雖一而三，互相圓融無礙。依此邏輯，則「莊嚴佛土者，則非莊嚴」是「空諦」，指菩薩莊嚴佛土其實無所莊嚴；「是名莊嚴」是「假諦」，指菩薩莊嚴佛土是假有之名；而綜合「莊嚴佛土者，則非莊嚴，是名莊嚴」則是「中諦」，指菩薩莊嚴佛土無所莊嚴，又非無所莊嚴，是無所莊嚴而莊嚴。再如三論宗的思維邏輯是以「真俗二諦」來分析「諸法性空」的「中道實相」。認為一切事物（諸法）皆無自性，皆由因緣和合而生起。這一點是第一義的，是「真諦」。但世俗的凡夫卻認為因緣和合而成的現象（緣起的諸法）是真實的存在。為了度化眾生，仍採用世俗的語言而說有（存在）緣起（因緣和合而生起）的諸法，認為諸法自性的空，不妨礙緣起，諸法彷彿是有的，可以隨俗而說，這便是「俗諦」。但是「真」、「俗」二諦皆是言教的手段，即以空破有而不住於空，以有破空而不住於有，諸法的實相便在這一過程之中超越了空有的語言假名，非空非有地呈現了出來，這一實相統一了性空和緣起，即不離性空而可見緣起的諸法（一切現象），而緣起的諸法雖有假名但仍舊是空，這便是事物的真實本相：「中道實相」。依此邏輯，則「莊嚴佛土者」是「俗諦」，指的是緣起的莊嚴佛土的現象；「則非莊嚴」是「真諦」，指不存在莊嚴佛土的現象，因為它空無自性；「是名莊嚴」是「中道實相」，指莊嚴佛土的緣起之所以有，是由於其性空（無所莊嚴），其性空，是由於緣起的可見，二者圓融無礙，而緣起的莊嚴佛土的現象僅僅是假名而已。
110	清淨心	不雜煩惱、無疑、無垢的淨心。
111	須彌山王	即須彌山，因為它是佛教地理觀念中最大的山，故稱「山王」。佛教認為：三千大千世界中的每一個世界，都由物質的大地為基礎，大地為圓柱體，人類生活在它的頂端的平面上。其下是無邊的虛空。世界的中心是一座叫做須彌山的大山，大地、山河、日月、星辰都環繞著它排列。須彌山頂居住著帝釋天，山腰四周住著四大天王。山體由金、銀、琉璃、玻璃四寶構成，宮殿林立，草木茂盛，花香襲人。山的周圍是七重香水海，再外則依次是七金山（七輪圍山）、鹹海、鐵圍山。鹹海之中，有四大部洲（又稱「四天下」）、八中洲以及無數小洲。四大部洲包括南方贍部大洲（又稱「南閻浮提」）、西方牛貨洲、北方俱盧洲（又稱「勝處」）、東方勝身洲。每一部洲內又有兩個中洲，共計八中洲。在每一個世界中，有一個太陽和一個月亮，運行於鹹海上空，其光線被須彌山遮擋，不能照至對面，故而東、南部洲和西、北部洲晝夜相反。又有無數潔淨物質構成的星辰，上面居住著天人。
112	隨說	隨其所在之處、隨順眾生之情而闡說。
113	世間	泛指世界。佛教認為，「世」有遷流、變動、毀壞、覆蓋真實等涵義；「間」有中間之義。因此，凡墮於世中的事物，都可稱為世間。由於「間」又有間隔之義，因而世中的事物，相互間隔而成界限，故而稱為世間。佛教分世間為「有情世間」和「器世間」。前者又稱「眾生世間」，指有情識的生物，包括人、動物、天、鬼等的生活領域；後者又稱「國土世間」，指無情識的事物，包括山河大地、植物、日月光明、宮室器物等所處的領域。與佛教「三界」（參見頁一七）相應，世間的理論，也是佛教宇宙構成論中區分世界結構的方法。
114	天人阿修羅	佛教認為：天、人、阿修羅、畜牲、鬼、地獄構成「六道眾生」，又稱「六趣」。天、人、阿修羅是其中的三善道。天，又稱「天人」、「天部」，指神或天神，是天界的眾生。由低往高，有欲界六天：四天王天，在須彌山腰，最近人間。由東方持國天王、南方增長天王、西方廣目天王、北方多聞天王守護四方。忉利天，又名三十三天，在須彌山頂，帝釋天居於其中。夜摩天，此天無晝夜之分，一片光明。兜率天，又稱覩史多天，此天中所居天人通體光明，將要降生為佛的菩薩居於其中。樂變化天，此天中所居天人，其想法立刻可以變成現實的快樂。他化自在天，即自由變化、自受快樂之處。有色界四禪十七天：初禪三天，包括梵眾天、梵輔天和大梵天。二禪三天，包括少光天、無量光天和極淨光天。三禪三天，包括少淨天、無量淨天和遍淨天。四禪八天，包括無雲天、福生天、廣果天、無煩天、無熱天、善現天、善見天、色究竟天。有無色界四空天，又稱為「四空處」：空無邊天；識無邊天；無所有天；非想非非想天。佛教認為，人可以憑藉修持功德的大小，在死後居住於不同層次的天界之中。天人仍不能夠擺脫生死輪迴，有升進和墮落。人，指人類。阿修羅，梵文音譯又作「修羅」、「阿須倫」、「阿須羅」等，意為「非天」、「不端正」，指魔神和惡神。他們有著天神的能力，但由於多怒、好鬥，因而失去了天神的德性，被攆出天界，居住在須彌山底部及輪圍山一帶。
115	供養	以資財、器物或功德供給、奉獻、施捨給佛、法、僧。一般指進奉香花、明燈、飲食、資財等。其中又分為「二種供養」、「三種供養」、「四種供養」、「五種供養」、「六種供養」和「十種供養」。
116	佛塔廟	佛塔，梵語音譯為「塔婆」、「窣堵坡」等，又譯作「浮圖」、「浮屠」、「方墳」、「圓塚」。指安放、供奉佛的舍利子（佛骨）的建築，後來也用來安放佛像、佛經和僧人的遺骨。廟，又稱「靈廟」，梵語音譯為「支提」、「支帝」、「制底」等，意為「聚積」，因為廟宇是聚積土石和福德信仰建造的，是供奉佛像的所在。塔廟可以總稱為「塔」；分而言之，有佛骨者為「塔婆」，無佛骨者為「制底」。
117	尊重弟子	佛的信徒中可尊可重的大弟子們。佛教認為：佛、法（佛法、經典）、僧（佛的弟子）是佛教的「三寶」。因此，這裡的「尊重弟子」與前文的「經典」和「佛」並列。
118	微塵	佛教認為：色體（物質）的最小單位是「極微」，至此不可再加分割。七個「極微」構成一個「微塵」，七個「微塵」構成一個「金塵」，其大小可存於金屬的間隙。七個「金塵」構成一個「水塵」，七個「水塵」構成一個「兔毛塵」，其大小為兔毛之端。佛教中又有「微塵世界」之說，即眾生以清淨之心處於三千大千世界之中，即為「清淨世界」，而眾生以塵垢之心處於三千大千世界中，即為「微塵世界」。在這裡，「微塵」即為「極微」之義，是與「世界」相對的概念。比喻物質世界的極小與極大，以及它們的有限性。
119	三十二相	又稱「三十二大人相」，本為天竺國（古印度）的命相理論。佛教認為，具有三十二相的不僅限於佛，凡具有三十二相的人，在家則為轉輪王（古印度對人間聖帝的稱呼，謂其獲得上天所授神奇兵器寶輪，轉動而降伏四方），出家則為無上覺悟之人。佛所具有的三十二相，是佛的色身所呈現出的三十二種祥瑞之相，通行的說法是：足安平相；千幅輪相；手指纖長相；手足柔軟相；手足縵綱相；足跟滿足相；足趺高好相；腨如鹿王相；手過膝相；馬陰藏相；身縱廣相；毛孔生青色相；身毛上靡相；身金色相；常光一丈相；皮膚細滑相；七處平滿相；兩腋滿相；身如獅子相；身端直相；肩圓滿相；四十齒相；齒白齊密相；四牙白淨相；頰車如獅子相；咽中津液得上味相；廣長舌相；梵音深遠相；眼色如紺青相；眼睫如牛王相；眉間白毫相；頂成肉髻相。
120	恒河沙等	與恒河沙的數目相等。
121	身命布施	用身體和性命來施捨或供養。
122	義趣	義理旨趣。
123	涕淚悲泣	大徹大悟以後，喜極而生悲，流淚哭泣。
124	慧眼	智慧之眼，「五眼」之一。佛教有「五眼」之說，即：肉眼，肉身所具有的眼。天眼，色界天人所具有的眼，凡人可以經由修習禪定獲得。天眼能於晝夜照見遠近之物。慧眼，指修大乘和小乘佛法的人，能照見真空無相的智慧。《思益經》三：「慧眼不見有為法，不見無為法。」法眼，指菩薩為度化眾生而具備的照見一切法門的智慧。佛眼，佛身上所具備的前四眼。「五眼」之中，慧眼象徵著空諦；法眼象徵著假諦；佛眼象徵著中諦。
125	信心	信奉、接受所聽到和所理解的真理，沒有疑心而產生的智慧和信仰，又稱為「信」。佛教認為：「信」是「心所有法」（參見頁四三）之一，是「不疑」的別稱，即對諸法的實體，對佛、法、僧三寶所具有的清淨功德，對於一切眾生所具有的善根，都深信不疑，並使得自心澄淨。《俱舍論》四：「信者，令心澄淨。」
126	生實相	因智慧觀照而顯現出本體。實相，指一切存在的本體。實，不虛幻。相，無相。佛教認為：實相與法性和真如同體而異名。就其指稱一切法的體性而言，叫做法性；就其指稱一切存在的本體真實永住而言，叫做真如；就其指稱真實的本體為一切存在的本來面目而言，叫做實相。實相還與「一實」、「一如」、「一相」、「無相」、「法身」、「法證」、「法位」、「涅槃」、「無為」、「真諦」、「真性」、「真空」、「實性」、「實諦」、「實際」等概念涵義相近。
127	信解受持	信仰解悟，接受持守。
128	第一波羅蜜	即般若波羅蜜，「六波羅蜜」或「十波羅蜜」之一。佛教認為：有六種波羅蜜，即六種超度眾生脫離生死此岸而到達涅槃彼岸的途徑，稱為「六度」，分別是：檀波羅蜜，即布施。尸羅波羅蜜，即持戒。羼提波羅蜜，即忍辱。毘梨耶波羅蜜，即精進。禪波羅蜜，即禪定。般若波羅蜜，即智慧。其中，般若波羅蜜是最高級的波羅蜜，故稱「第一波羅蜜」或「最勝波羅蜜」，意為用照徹實相的大智慧，作為渡至彼岸的船筏。中國的大乘教派，又發展出「十波羅蜜」的理論，稱為「十勝行」，分別為施波羅蜜、戒波羅蜜、忍辱波羅蜜、精進波羅蜜、靜慮波羅蜜、般若波羅蜜、方便善巧波羅蜜、願波羅蜜、力波羅蜜、智波羅蜜。
129	忍辱波羅蜜	能忍一切痛苦，不起煩惱，以此清淨不動之心，修養一切善德。
130	昔為歌利王句	即歌利王加害忍辱仙人之事，詳見《涅槃經》三一。歌利王，梵文音譯又作「迦利」，意為「鬥爭」、「惡生」，古印度波羅奈國的無道暴君。當時，佛在城外修習忍辱仙人的道行，所謂仙人，即指長生不死的有道行的人，佛是大仙，在仙人中最為尊貴。此時，歌利王攜宮女出遊城外，有宮女前往佛前禮拜，聆聽佛法。歌利王見狀，心生妒恨，怒而責佛：「你證得了羅漢果嗎？」佛說：「沒有。」歌利王說：「但你尚有貪欲煩惱，恣情於女色。」佛說：「我的內心毫無貪著。」歌利王問：「什麼叫做不貪？」佛回答說：「持戒。」歌利王又問：「什麼叫做持戒？」佛回答說：「忍辱就是持戒。」於是歌利王持刀割截佛耳，而佛面容不改。群臣見狀紛紛勸諫，歌利王不加理睬，又削去佛的鼻、手，繼而節節肢解，佛仍舊面容圓滿。忽然，沙石從天俱下，歌利王恐慌不已，向佛懺悔。佛說：「我心無瞋亦無貪。」歌利王問道：「大德！什麼叫做心無瞋恨？」佛說：「如果我心無瞋恨，可以使身體復原！」言畢，身體恢復如初。歌利王當下覺悟，成了佛的弟子。
131	瞋恨	又稱「瞋恚」，梵語音譯作「訖羅馱」，意為對於世間的痛苦起憎恨之心，使身心熱惱，生諸惡業。瞋、貪、癡，是佛教認為的「三毒」。
132	無所住心	不住於一切處所和相狀的心。心無所住，即無執著，隨處解脫。這與頁五六中「無所住而生其心」的內涵一致。大乘佛教以「無住」作為主體精神超越的重要修持手段，《起信論義記上》：「夫真心寥廓……非生非滅，四相之所不遷；無去無來，三際莫之能易。但以無住為性，隨派分歧，逐迷悟而升沉，任因緣而起滅。」《壇經》第十七節：「我此法門，無住為本。」
133	說一切眾生二句	佛教認為：眾生的自性，即本來面目，就是佛性。而眾生之所以表現為紛紜的眾生，是由於五蘊（色、受、想、行、識）和合而產生的假象，或者說是因緣和合而生起的相狀，為了順隨俗諦而說這些假象是有的，故而採用語言假名，姑且叫做「眾生」。《涅槃經》二七：「見佛性者，不名眾生；不見佛性者，是名眾生。」
134	真語	不偽之語。如來隨自意而闡說，毫不曲折暗示。
135	實語	不虛之語。如來說法，名實相符，言行一致。
136	如語	合理之語。
137	不誑語	不妄之語。
138	不異語	始終如一之語。
139	當來之世	即「如來滅後後五百歲」，參見頁三三及。
140	初日分	古代印度以「初日分」、「中日分」、「後日分」劃分一天為三個大時間段，相當於一天之中的早晨、中午和夜晚。
141	劫	參見頁三三。
142	信心不逆	清淨無疑的信仰之心不起牴牾違反之意。
143	發大乘者	發起證求大乘修行的信心的人。大乘，參見頁五○。
144	最上乘	最高等的教法。乘為佛乘，即成佛之道。最上乘是大乘的別稱。
145	荷擔	承擔；擔負。
146	小法	小乘教的法門。又一說指佛教之外的宗教。
147	作禮圍繞	圍繞著佛塔、佛像右行三周以上，並誦讀、讚唱經偈的佛教禮拜儀式。
148	罪業	即惡業、業障。業，梵文音譯作「羯磨」，意為行動，作為或造作。表現為意業（即心理活動）、口業（即語言活動）、身業（即身體活動）。佛教認為：眾生的無明無知，決定了他們的意、口、身三業。這些業產生的力量或作用形成了業力，驅動著眾生不斷地流轉於生死苦海。業是眾生所受果報的前因，是眾生苦惱的根本。同時，善業可以引起福報，惡業則會引起惡報。當一個生命結束時，它一生的各種行為構成了善業或惡業，決定了這個生命輪迴到不同世間的生命形式和轉生為另一個生命以後的情形。
149	惡道	乘著惡行而轉世輪迴的途徑。又稱「惡趣」。即眾生由於惡業的原因而趣向的所在。一般說來，欲界六道眾生中的地獄、餓鬼和畜牲是三惡道或三惡趣，有時加上阿修羅，稱為四惡道。
150	阿僧祇	梵語意為無數。一阿僧祇合一千萬萬萬萬萬萬萬萬兆。
151	那由他	又譯作「那庾多」、「那由多」。數目的名稱，一說十萬，一說數千萬，一說一億，總之指稱無數。
152	承事	侍奉。
153	算數	計算。
154	譬喻	比方。
155	受記	即授記。參見頁五七。
156	如來者二句	所謂如來，就是諸法自如的本義。如，如其本體，本然自如的狀態。這句話的意思是說：如來的真如之性，就是一切存在的自在自如的本體、本相、實相。如來不離諸法，於諸法無所取捨、增減和分別，如其本然之義。
157	肉眼	佛教五眼之一。參見頁七八。這裡開始講「五眼」，下文又講「若干種心」，因為一切心、意、識等精神現象，都由眼的觀察而產生。
158	天眼	參見頁七八。
159	慧眼	參見頁七八。
160	法眼	參見頁七八。
161	佛眼	參見頁七八。
162	若干種心	梵語音譯作「質多」。佛教中對於心的分析與分類極為細密。按法相宗的解釋，所謂的心包含了心、意、識三心，即泛指一切精神現象。
163	過去心不可得三句	過去已滅，未來未起，現在虛妄，色界的時間都是流遷不息的幻想，故而心由境、事而起，不可停留，也不可把握、執著。如果要追求阿耨多羅三藐三菩提的覺悟之心，就不能停留在時間規定的經驗範圍內來把握事物，不可執著於色界之中此起彼伏的過去、現在、未來之心。
164	因緣	佛教認為，一切事物皆由因緣和合而生，其內在的因素叫做「因」，其賴以生起的條件叫做「緣」。有時，佛教又稱因緣為因，指產生一個結果的原因，又稱「能生」，而把產生出的結果稱為「所生」。佛教的思想範疇中，因是作為一物所生的親與強力，叫做「親生」，而緣則被作為一物所生的疏添弱力，叫做「疏助」。比如莊稼，種子是因，雨、露、陽光、農夫是緣。佛教中對因緣的分類因宗派的不同而有分歧，大致有：因緣，即相對於果的因。等無間緣，又稱次第緣，指精神現象中前一念成為後一念生起的條件，其中沒有間斷。所緣緣，又稱緣緣，指認識所攀緣的認識境界，即指認識的對象。增上緣，指一事物對其他事物的影響和作用。其中有力增上緣，即能對其他事物的生成起幫助作用的緣；還有無力增上緣，即對其他事物的生成不起妨礙作用的緣。
165	具足色身	具備充足完美相狀的身體，指佛的肉身。
166	具足諸相	具備充足完美的諸多相貌，包括佛呈現在人的眼前和想像、記憶中的相貌，以及佛的平常相貌和變異相貌，比如三十二相。
167	慧命	佛教認為，法身以智慧為壽命，故稱慧命。慧命又被用作比丘的尊稱，因為他們博聞強識，以慧為命。
168	彼非眾生二句	就一切眾生的自性來看，眾生即是佛，因此眾生是不存在的。但是眾生的自性不妨礙眾生現象的緣起，因此眾生的幻象又是存在的。對眾生的把握既不可執著於無，也不可執著於有。
169	凡夫之人	即凡夫，亦稱「六凡」，指天、人、阿修羅、畜牲、餓鬼、地獄六道眾生。凡，指平常、沒有悟道見性。佛教一方面認為凡夫與聖賢有差別，因為「凡夫淺識，深著五欲」（《法華經‧譬喻品》）；另一方面又強調凡聖一如，認為凡夫與聖者在本體上無有差別，皆有佛性。《寶藏論》：「凡聖不二，一切圓滿。」《大日經義釋》五：「六趣眾生，與毗盧遮那（佛的真體）本無二體。」
170	轉輪聖王	梵語音譯為「斫迦羅代棘底遏羅閣」、「遮迦越羅」，又稱「轉輪聖帝」、「轉輪王」、「輪王」、「飛行皇帝」，為古印度傳說中的聖帝。據說他的身體具備三十二種相貌，即位時由天感得輪寶，即古印度的一種兵器，轉動之後，降伏了天下。他還能飛行於空中。《俱舍論》、《長阿含經》等佛教典籍中又有金、銀、銅、鐵四大輪王之說。
171	斷滅相	又稱「斷滅見」。在佛教看來，斷滅見是一種見惑和邪見，甚至是邪見中的最邪惡者。這種見解斷然否定因果之間的互相連續和互相作用，以此來打破因果輪迴，進入寂靜涅槃。這種虛無絕滅的思想執著於「空」，認為與「有」對立的「空」是實存的，只要斷滅因果的支配，即可追求到空的境界。大乘佛教特別強調既不執著於「有」，也不執著於「空」。因為大乘佛教認為因果是普遍存在，不可斷滅的，佛與菩薩也要受因果律的支配，他們之所以能夠度脫生死此岸，達到涅槃彼岸，也是因緣果報的作用。
172	忍	梵語音譯為「羼提」，意為忍耐。能夠忍耐一切現實中的境遇而不產生瞋怒不滿的心境。同時，忍也是大智慧的表現，只有把握了諸法的實相和世界的本體，才能夠安住於現實的世俗世界而不動心。
173	貪著	多求無厭謂之貪；心頑固執著，不願離去謂之著。貪亦稱作「愛」，指對於一切欲望的境界愛戀不捨。
174	一合相	整個世界，是眾多微塵合而為一的暫時的假相。
175	不取於相二句	不執著於一切現象和相狀，把握自如自在、不生不滅的本體真性。取，執著。如如，本體真性自如自在的樣子。不動，不生不滅。
176	有為法	參見頁四三。
177	比丘尼	又譯作「苾芻尼」。指出家而受具足戒的女子，即俗稱的「尼姑」。
178	優婆塞	又譯作「優波娑迦」等，指接受了五戒而在家修行的男信徒，即俗稱的「男居士」。
179	優婆夷	又譯作「優婆私柯」等，指接受了五戒而在家修行的女信徒，即俗稱的「女居士」。
180	般若波羅蜜多心經	一卷，在唐玄奘編譯的《大般若波羅蜜多經》中，屬於《大品般若》中的部分。現存《心經》的漢文譯本，按時間順序排列，先後有七種：《摩訶般若波羅蜜大明咒經》一卷，舊傳為姚秦天竺三藏鳩摩羅什譯。梁僧祐《出三藏記》和隋《法經錄》均將此經列入失譯錄，至唐智昇《開元釋教錄》歸入羅什所譯經籍。《般若波羅蜜多心經》一卷，唐三藏玄奘譯於貞觀二十三年（西元六四九年）。《普遍智藏般若波羅蜜多心經》一卷，唐摩竭提國三藏法月譯於開元二十六年（西元七三八年）。《般若波羅蜜多心經》一卷，唐罽賓三藏般若等譯於貞元六年（西元七九○年）。《般若波羅蜜多心經》一卷，唐三藏智慧輪譯於大中十三年（西元八五九年）。《般若波羅蜜多心經》一卷，唐吐蕃國師法成譯於大中年間（西元八四七年至八五九年），二十世紀初發現於敦煌石室。《佛說聖母般若波羅蜜多經》一卷，北宋施護譯於宋太宗時期（西元九七六年至九九七年）。七種譯本中，以唐玄奘的譯本為通行本。本書所據玄奘譯本為《中華大藏經》刊本，底本為金藏大寶集寺本。通行本《心經》僅二百五十八字，但卻是般若波羅蜜的精要、核心。它總攝了般若思想和大乘空宗的教義，是後人綜合了《大般若經》中的諸品，即《大品般若》中的〈序〉、〈奉鉢〉、〈習應〉、〈往生〉、〈嘆度〉五品（漢譯在羅什所譯《大品般若》卷一至卷二），以及《大般若經》第二會中的〈緣起〉、〈歡喜〉、〈觀照〉、〈無等等〉四品（漢譯在玄奘所譯《大般若經》卷四○一至卷四○五），將其中佛與舍利子對般若的討論概括成綱領性的文字而單獨流行，因而它沒有序分和流通分。《心經》闡述了般若的認識對象「空」，揭示諸法的實相就是空相，認為般若修行有著能度一切苦厄的無量功德。和《金剛經》相比較，《心經》側重講「空」的客體狀態，故言「色即是空，空即是色」；而《金剛經》則側重講「空」的主體境界，故而不言「色」「空」關係，而講「無住」，講精神對現象的超越。《心經》文末的咒語，可能是後人增加的，又見於《陀羅尼經集》卷三中的《般若波羅蜜多大心經》。（用神祕的咒語，來展示般若的廣大神通，體現了般若學與神祕信仰的合流和對世俗心理需求的適應。）
181	玄奘	俗名陳禕，唐洛州緱氏（今河南偃師緱氏鎮）人。生於西元六○○年，卒於西元六六四年。唐太宗貞觀三年（西元六二九年），玄奘西行求法，至印度中部摩揭陀國王舍城。後遊歷訪學於印度東部、南部、西部和北部的數十個王國，他的佛學造詣贏得了印度佛教界的推崇。貞觀十九年，玄奘回到長安，帶回梵文佛經六百五十七部以及佛骨等靈物，受到唐太宗的召見。他在長安宏福寺主持了佛經的譯述工作，並與弟子窺基等開創了法相宗。玄奘是中國佛教的四大翻譯家之一，他還著有《大唐西域記》一書，是中古時期中亞交通史和文化史的寶貴典籍。
182	觀自在	又稱「觀世自在」、「觀世音」、「觀音」等。觀世自在，意為觀見世界的本體而能自在，拔出苦樂。觀世音，意為觀世人稱誦菩薩名字的聲音而給予垂救。故而觀自在就是大智大悲的菩薩覺行。觀，佛教中指正確的認識方法，能觀照本性，觀察妄惑，達觀真理。
183	行深	修行極深。
184	五蘊	又稱「五陰」。指人的身心。包括：色，即人的肉體和物質的形色；受，即由感官引起的苦、樂等情感；想，即理智和概念的活動；行，即意志的活動；識，即總攝前四種活動的意識。這五種活動聚合在一起，成為痛苦的基礎，稱為「五蘊盛苦」。如果五蘊與「取」，即貪欲或執著相聯繫，就成了「五蘊取」，造成了其他一切痛苦的根源。蘊，聚集。
185	舍利子	又稱「舍利弗」。佛的十大弟子之一。古印度摩揭陀國王舍城的婆羅門種姓成員，因能持戒多聞，智慧過人，善說佛法，被稱為「智慧第一」。
186	無眼界二句	眼界至意識界，即佛教中所說的「十八界」，分別為眼界、耳界、鼻界、舌界、身界、意界、色界、聲界、香界、味界、觸界、法界、眼識界、耳識界、鼻識界、舌識界、身識界、意識界。其中關係，參見《金剛經》頁二五。這裡舉其首尾兩界以概全體。
187	無無明四句	這四句話涵蓋了佛教中十二因緣的理論。「十二因緣」，又稱「十二有支」，包括無明、行、識、名色、六處（六入）、觸、受、愛、取、有、生、老死。佛教從分析十二因緣入手，探討人生痛苦的原因以及人的際遇，說明眾生生死相依轉化的因果關係，其主要內容為：無明緣行：「無明」這種無知和愚癡產生了「行」這種意識活動。行緣識：由行引導「識」這種投胎時就具備的心識活動朝著與行相應的地方投生。識緣名色：識的形成是孕育「名」這種人在母胎中具備的精神和「色」這種人在母胎中具備的肉體的作用力。名色緣六處：作為胎兒的精神和肉體的名、色，又產生出胎兒的六處，即眼、耳、鼻、舌、身、意。六處緣觸：六處在胎兒出生之後，與外物接觸，產生了觸覺。觸緣受：人的童年時期，心識漸長，與外境相觸，可以領受外境的作用，產生出苦、樂和不苦不樂等感受。受緣愛：感受產生出貪愛。愛緣取：成年之後，貪愛變成了取和執著。取緣有：由於執著而產生出各種業，即思想和行為，這些業作為一種因，能夠產生出未來的果，故稱為「有」。有緣生：由愛、取、有產生了善業和惡業，導致了來世的再生。生緣老死：由於有生，必然會有衰老死亡。十二因緣構成了人生的三世兩重因果，即十二因緣中的始因無明和次因行，作為現世人生的過去二因，產生了由識、名色、六處、觸、受構成的現在五果。二因和五果構成了過去、現在一重因果。而現世人生的愛、取、有作為未來人生的現在三因，又將產生出由生、老死構成的未來人生的二果。三因和二果構成了現在、未來一重因果，總計為三世兩重因果。十二因緣的理論，是佛教對生命現象的概述，佛教主張識破十二因緣構成的沒有自性的人生現象，就能滅盡無明，超脫生死。盡，終結。
188	苦集滅道	又稱「四諦」，即四條真理，是佛教的根本教義。苦諦分析人生的痛苦，這種痛苦不是一般意義上的，而是指生存的焦慮和逼迫。佛教認為：人生有生、老、病、死四苦，加上「怨憎會」（即冤家總是相會）、「愛別離」（即親愛的人總是分離）、「求不得」（即欲求不能滿足）、「五陰盛」（即色、受、想、行、識的匯合），構成了人生的八苦。由於苦是由諸多條件匯集而成，所以佛教用集諦分析產生苦的原因，其中主要分析了十二因緣和業報輪迴，認為「業」和「惑」是苦的根源。滅諦闡述人生覺悟的結果，認為斷滅一切生成苦的原因，就可以消除苦惱，達到涅槃的境界。而道諦則宣揚達到涅槃的途徑和修行方法。包括「正見」，即正確的見解；「正思維」，即正確的思維；「正語」，即正確的語言；「正業」，即清淨的行為；「正命」，即正當的生活；「正精進」，即正確的努力；「正念」，即正確的念法；「正定」，即正確的禪定，總稱為「八正道」，又可歸結為戒、定、慧三學。
189	菩提薩埵	參見頁一二。
190	罣礙	牽掛妨礙。
191	三世諸佛	過去、現在、未來三世的佛。參見頁三三及頁五七。
192	大神咒	字面意義為偉大而神祕的咒語。咒，又稱「真言」、「總持」、「祕密號」、「密言」、「密語」、「咒明」，梵語音譯又作「曼怛羅」、「陀羅尼」。意為有神力的語言。佛教認為，用世俗通用的語言文字闡說的教義是顯教，而用神祕不可理解的咒語暗示的教義是密教。真言咒語因為不能解說，又不為凡夫理解，因而是真實如常的語言。佛教認為，這些真言咒語不可譯作漢語，只有在念誦時才能產生功效。大神咒，又稱「法陀羅尼」。陀羅尼意為執持不捨，故而大神咒的實義為：聞聽佛法，執持不捨。
193	大明咒	字面意義為偉大而光明的咒語。又稱「義陀羅尼」，即悟解佛法，執持不捨。
194	無上咒	字面意義為不可超越的咒語。又稱「咒陀羅尼」，即能念咒語，執持不捨。
195	無等等咒	字面意義為無與倫比的咒語。又稱「忍陀羅尼」，即能安住實相，執持不捨。
196	揭帝揭帝四句	即「揭帝真言」。揭帝，意為度脫。重複意為度脫「我執」（不住於我相）和「法執」（不住於法相），或者意為自度而度人。般羅，意為徹底。僧，意為普遍。菩提，意為覺悟。薩婆訶，意為迅速。總結全句，大意為菩薩修持般若法門，我空、法空，自度而度人。這是徹底的度脫，徹底而普遍的度脫，覺行圓滿，頓悟成佛。